MemberName,LastName,FirstName,PartyAffiliation,State,OfficeAddress,OfficePhone,ContactFormURL,OfficialWebSite,Class,BioGuideURL,LeadershipPosition
Alexander (R-TN),Alexander,Lamar,Republican,Tennessee,455 Dirksen Senate Office Building Washington DC 20510,(202) 224-4944,"URL[""http://www.alexander.senate.gov/public/index.cfm?p=Email""]","URL[""http://www.alexander.senate.gov/""]",Class II,"URL[""https://bioguideretro.congress.gov/Home/MemberDetails?memIndex=A000360""]",None
Baldwin (D-WI),Baldwin,Tammy,Democrat,Wisconsin,709 Hart Senate Office Building Washington DC 20510,(202) 224-5653,"URL[""https://www.baldwin.senate.gov/feedback""]","URL[""http://www.baldwin.senate.gov/""]",Class I,"URL[""https://bioguideretro.congress.gov/Home/MemberDetails?memIndex=B001230""]",None
Barrasso (R-WY),Barrasso,John,Republican,Wyoming,307 Dirksen Senate Office Building Washington DC 20510,(202) 224-6441,"URL[""https://www.barrasso.senate.gov/public/index.cfm/contact-form""]","URL[""http://www.barrasso.senate.gov""]",Class I,"URL[""https://bioguideretro.congress.gov/Home/MemberDetails?memIndex=B001261""]",None
Bennet (D-CO),Bennet,Michael F.,Democrat,Colorado,261 Russell Senate Office Building Washington DC 20510,(202) 224-5852,"URL[""https://www.bennet.senate.gov/public/index.cfm/contact""]","URL[""http://www.bennet.senate.gov""]",Class III,"URL[""https://bioguideretro.congress.gov/Home/MemberDetails?memIndex=B001267""]",None
Blackburn (R-TN),Blackburn,Marsha,Republican,Tennessee,357 Dirksen Senate Office Building Washington DC 20510,(202) 224-3344,"URL[""https://www.blackburn.senate.gov/contact_marsha""]","URL[""https://www.blackburn.senate.gov""]",Class I,"URL[""https://bioguideretro.congress.gov/Home/MemberDetails?memIndex=B001243""]",None
Blumenthal (D-CT),Blumenthal,Richard,Democrat,Connecticut,706 Hart Senate Office Building Washington DC 20510,(202) 224-2823,"URL[""https://www.blumenthal.senate.gov/contact/""]","URL[""http://www.blumenthal.senate.gov""]",Class III,"URL[""https://bioguideretro.congress.gov/Home/MemberDetails?memIndex=B001277""]",None
Blunt (R-MO),Blunt,Roy,Republican,Missouri,260 Russell Senate Office Building Washington DC 20510,(202) 224-5721,"URL[""https://www.blunt.senate.gov/public/index.cfm/contact-roy""]","URL[""http://www.blunt.senate.gov""]",Class III,"URL[""https://bioguideretro.congress.gov/Home/MemberDetails?memIndex=B000575""]",None
Booker (D-NJ),Booker,Cory A.,Democrat,New Jersey,717 Hart Senate Office Building Washington DC 20510,(202) 224-3224,"URL[""https://www.booker.senate.gov/?p=contact""]","URL[""http://www.booker.senate.gov""]",Class II,"URL[""https://bioguideretro.congress.gov/Home/MemberDetails?memIndex=B001288""]",None
Boozman (R-AR),Boozman,John,Republican,Arkansas,141 Hart Senate Office Building Washington DC 20510,(202) 224-4843,"URL[""https://www.boozman.senate.gov/public/index.cfm/contact""]","URL[""http://www.boozman.senate.gov/""]",Class III,"URL[""https://bioguideretro.congress.gov/Home/MemberDetails?memIndex=B001236""]",None
Braun (R-IN),Braun,Mike,Republican,Indiana,374 Russell Senate Office Building Washington DC 20510,(202) 224-4814,"URL[""http://www.braun.senate.gov/contact-mike""]","URL[""https://www.braun.senate.gov""]",Class I,"URL[""https://bioguideretro.congress.gov/Home/MemberDetails?memIndex=B001310""]",None
Brown (D-OH),Brown,Sherrod,Democrat,Ohio,503 Hart Senate Office Building Washington DC 20510,(202) 224-2315,"URL[""http://www.brown.senate.gov/contact/""]","URL[""http://www.brown.senate.gov/""]",Class I,"URL[""https://bioguideretro.congress.gov/Home/MemberDetails?memIndex=B000944""]",None
Burr (R-NC),Burr,Richard,Republican,North Carolina,217 Russell Senate Office Building Washington DC 20510,(202) 224-3154,"URL[""https://www.burr.senate.gov/contact/email""]","URL[""http://www.burr.senate.gov""]",Class III,"URL[""https://bioguideretro.congress.gov/Home/MemberDetails?memIndex=B001135""]",None
Cantwell (D-WA),Cantwell,Maria,Democrat,Washington,511 Hart Senate Office Building Washington DC 20510,(202) 224-3441,"URL[""http://www.cantwell.senate.gov/public/index.cfm/email-maria""]","URL[""http://www.cantwell.senate.gov""]",Class I,"URL[""https://bioguideretro.congress.gov/Home/MemberDetails?memIndex=C000127""]",None
Capito (R-WV),Capito,Shelley Moore,Republican,West Virginia,172 Russell Senate Office Building Washington DC 20510,(202) 224-6472,"URL[""https://www.capito.senate.gov/contact/contact-shelley""]","URL[""http://www.capito.senate.gov""]",Class II,"URL[""https://bioguideretro.congress.gov/Home/MemberDetails?memIndex=C001047""]",None
Cardin (D-MD),Cardin,Benjamin L.,Democrat,Maryland,509 Hart Senate Office Building Washington DC 20510,(202) 224-4524,"URL[""http://www.cardin.senate.gov/contact/""]","URL[""http://www.cardin.senate.gov/""]",Class I,"URL[""https://bioguideretro.congress.gov/Home/MemberDetails?memIndex=C000141""]",None
Carper (D-DE),Carper,Thomas R.,Democrat,Delaware,513 Hart Senate Office Building Washington DC 20510,(202) 224-2441,"URL[""http://www.carper.senate.gov/public/index.cfm/email-senator-carper""]","URL[""http://www.carper.senate.gov""]",Class I,"URL[""https://bioguideretro.congress.gov/Home/MemberDetails?memIndex=C000174""]",None
Casey (D-PA),Casey,"Robert P., Jr.",Democrat,Pennsylvania,393 Russell Senate Office Building Washington DC 20510,(202) 224-6324,"URL[""https://www.casey.senate.gov/contact/""]","URL[""http://www.casey.senate.gov/""]",Class I,"URL[""https://bioguideretro.congress.gov/Home/MemberDetails?memIndex=C001070""]",None
Cassidy (R-LA),Cassidy,Bill,Republican,Louisiana,520 Hart Senate Office Building Washington DC 20510,(202) 224-5824,"URL[""https://www.cassidy.senate.gov/contact""]","URL[""http://www.cassidy.senate.gov""]",Class II,"URL[""https://bioguideretro.congress.gov/Home/MemberDetails?memIndex=C001075""]",None
Collins (R-ME),Collins,Susan M.,Republican,Maine,413 Dirksen Senate Office Building Washington DC 20510,(202) 224-2523,"URL[""http://www.collins.senate.gov/contact""]","URL[""http://www.collins.senate.gov""]",Class II,"URL[""https://bioguideretro.congress.gov/Home/MemberDetails?memIndex=C001035""]",None
Coons (D-DE),Coons,Christopher A.,Democrat,Delaware,218 Russell Senate Office Building Washington DC 20510,(202) 224-5042,"URL[""https://www.coons.senate.gov/contact""]","URL[""http://www.coons.senate.gov/""]",Class II,"URL[""https://bioguideretro.congress.gov/Home/MemberDetails?memIndex=C001088""]",None
Cornyn (R-TX),Cornyn,John,Republican,Texas,517 Hart Senate Office Building Washington DC 20510,(202) 224-2934,"URL[""https://www.cornyn.senate.gov/contact""]","URL[""http://www.cornyn.senate.gov/""]",Class II,"URL[""https://bioguideretro.congress.gov/Home/MemberDetails?memIndex=C001056""]",None
Cortez Masto (D-NV),Cortez Masto,Catherine,Democrat,Nevada,516 Hart Senate Office Building Washington DC 20510,(202) 224-3542,"URL[""https://www.cortezmasto.senate.gov/contact""]","URL[""http://www.cortezmasto.senate.gov""]",Class III,"URL[""https://bioguideretro.congress.gov/Home/MemberDetails?memIndex=C001113""]",None
Cotton (R-AR),Cotton,Tom,Republican,Arkansas,326 Russell Senate Office Building Washington DC 20510,(202) 224-2353,"URL[""http://www.cotton.senate.gov/?p=contact""]","URL[""http://www.cotton.senate.gov""]",Class II,"URL[""https://bioguideretro.congress.gov/Home/MemberDetails?memIndex=C001095""]",None
Cramer (R-ND),Cramer,Kevin,Republican,North Dakota,400 Russell Senate Office Building Washington DC 20510,(202) 224-2043,"URL[""https://www.cramer.senate.gov/contact_kevin""]","URL[""https://www.cramer.senate.gov""]",Class I,"URL[""https://bioguideretro.congress.gov/Home/MemberDetails?memIndex=C001096""]",None
Crapo (R-ID),Crapo,Mike,Republican,Idaho,239 Dirksen Senate Office Building Washington DC 20510,(202) 224-6142,"URL[""https://www.crapo.senate.gov/contact""]","URL[""http://www.crapo.senate.gov""]",Class III,"URL[""https://bioguideretro.congress.gov/Home/MemberDetails?memIndex=C000880""]",None
Cruz (R-TX),Cruz,Ted,Republican,Texas,127A Russell Senate Office Building Washington DC 20510,(202) 224-5922,"URL[""https://www.cruz.senate.gov/?p=form&id=16""]","URL[""http://www.cruz.senate.gov""]",Class I,"URL[""https://bioguideretro.congress.gov/Home/MemberDetails?memIndex=C001098""]",None
Daines (R-MT),Daines,Steve,Republican,Montana,320 Hart Senate Office Building Washington DC 20510,(202) 224-2651,"URL[""https://www.daines.senate.gov/connect/email-steve""]","URL[""http://www.daines.senate.gov""]",Class II,"URL[""https://bioguideretro.congress.gov/Home/MemberDetails?memIndex=D000618""]",None
Duckworth (D-IL),Duckworth,Tammy,Democrat,Illinois,524 Hart Senate Office Building Washington DC 20510,(202) 224-2854,"URL[""https://www.duckworth.senate.gov/content/contact-senator""]","URL[""http://www.duckworth.senate.gov""]",Class III,"URL[""https://bioguideretro.congress.gov/Home/MemberDetails?memIndex=D000622""]",None
Durbin (D-IL),Durbin,Richard J.,Democrat,Illinois,711 Hart Senate Office Building Washington DC 20510,(202) 224-2152,"URL[""https://www.durbin.senate.gov/contact/""]","URL[""http://www.durbin.senate.gov""]",Class II,"URL[""https://bioguideretro.congress.gov/Home/MemberDetails?memIndex=D000563""]",Whip
Enzi (R-WY),Enzi,Michael B.,Republican,Wyoming,379A Russell Senate Office Building Washington DC 20510,(202) 224-3424,"URL[""http://www.enzi.senate.gov/public/index.cfm/contact?p=e-mail-senator-enzi""]","URL[""http://www.enzi.senate.gov""]",Class II,"URL[""https://bioguideretro.congress.gov/Home/MemberDetails?memIndex=E000285""]",None
Ernst (R-IA),Ernst,Joni,Republican,Iowa,730 Hart Senate Office Building Washington DC 20510,(202) 224-3254,"URL[""https://www.ernst.senate.gov/public/index.cfm/contact""]","URL[""http://www.ernst.senate.gov""]",Class II,"URL[""https://bioguideretro.congress.gov/Home/MemberDetails?memIndex=E000295""]",None
Feinstein (D-CA),Feinstein,Dianne,Democrat,California,331 Hart Senate Office Building Washington DC 20510,(202) 224-3841,"URL[""https://www.feinstein.senate.gov/public/index.cfm/e-mail-me""]","URL[""http://www.feinstein.senate.gov""]",Class I,"URL[""https://bioguideretro.congress.gov/Home/MemberDetails?memIndex=F000062""]",None
Fischer (R-NE),Fischer,Deb,Republican,Nebraska,454 Russell Senate Office Building Washington DC 20510,(202) 224-6551,"URL[""http://www.fischer.senate.gov/public/index.cfm/contact""]","URL[""http://www.fischer.senate.gov""]",Class I,"URL[""https://bioguideretro.congress.gov/Home/MemberDetails?memIndex=F000463""]",None
Gardner (R-CO),Gardner,Cory,Republican,Colorado,354 Russell Senate Office Building Washington DC 20510,(202) 224-5941,"URL[""https://www.gardner.senate.gov/contact-cory/email-cory""]","URL[""http://www.gardner.senate.gov""]",Class II,"URL[""https://bioguideretro.congress.gov/Home/MemberDetails?memIndex=G000562""]",None
Gillibrand (D-NY),Gillibrand,Kirsten E.,Democrat,New York,478 Russell Senate Office Building Washington DC 20510,(202) 224-4451,"URL[""https://www.gillibrand.senate.gov/contact/email-me""]","URL[""http://www.gillibrand.senate.gov""]",Class I,"URL[""https://bioguideretro.congress.gov/Home/MemberDetails?memIndex=G000555""]",None
Graham (R-SC),Graham,Lindsey,Republican,South Carolina,290 Russell Senate Office Building Washington DC 20510,(202) 224-5972,"URL[""https://www.lgraham.senate.gov/public/index.cfm/e-mail-senator-graham""]","URL[""http://www.lgraham.senate.gov/""]",Class II,"URL[""https://bioguideretro.congress.gov/Home/MemberDetails?memIndex=G000359""]",None
Grassley (R-IA),Grassley,Chuck,Republican,Iowa,135 Hart Senate Office Building Washington DC 20510,(202) 224-3744,"URL[""http://www.grassley.senate.gov/contact""]","URL[""http://www.grassley.senate.gov""]",Class III,"URL[""https://bioguideretro.congress.gov/Home/MemberDetails?memIndex=G000386""]",President Pro Tempore
Harris (D-CA),Harris,Kamala D.,Democrat,California,112 Hart Senate Office Building Washington DC 20510,(202) 224-3553,"URL[""https://www.harris.senate.gov/contact""]","URL[""http://www.harris.senate.gov""]",Class III,"URL[""https://bioguideretro.congress.gov/Home/MemberDetails?memIndex=H001075""]",None
Hassan (D-NH),Hassan,Margaret Wood,Democrat,New Hampshire,324 Hart Senate Office Building Washington DC 20510,(202) 224-3324,"URL[""https://www.hassan.senate.gov/content/contact-senator""]","URL[""http://www.hassan.senate.gov""]",Class III,"URL[""https://bioguideretro.congress.gov/Home/MemberDetails?memIndex=H001076""]",None
Hawley (R-MO),Hawley,Josh,Republican,Missouri,212 Russell Senate Office Building Washington DC 20510,(202) 224-6154,"URL[""https://www.hawley.senate.gov/contact-senator-hawley""]","URL[""https://www.hawley.senate.gov""]",Class I,"URL[""https://bioguideretro.congress.gov/Home/MemberDetails?memIndex=H001089""]",None
Heinrich (D-NM),Heinrich,Martin,Democrat,New Mexico,303 Hart Senate Office Building Washington DC 20510,(202) 224-5521,"URL[""http://www.heinrich.senate.gov/contact""]","URL[""http://www.heinrich.senate.gov/""]",Class I,"URL[""https://bioguideretro.congress.gov/Home/MemberDetails?memIndex=H001046""]",None
Hirono (D-HI),Hirono,Mazie K.,Democrat,Hawaii,713 Hart Senate Office Building Washington DC 20510,(202) 224-6361,"URL[""https://www.hirono.senate.gov/contact""]","URL[""http://www.hirono.senate.gov/""]",Class I,"URL[""https://bioguideretro.congress.gov/Home/MemberDetails?memIndex=H001042""]",None
Hoeven (R-ND),Hoeven,John,Republican,North Dakota,338 Russell Senate Office Building Washington DC 20510,(202) 224-2551,"URL[""http://www.hoeven.senate.gov/public/index.cfm/email-the-senator""]","URL[""http://www.hoeven.senate.gov""]",Class III,"URL[""https://bioguideretro.congress.gov/Home/MemberDetails?memIndex=H001061""]",None
Hyde-Smith (R-MS),Hyde-Smith,Cindy,Republican,Mississippi,702 Hart Senate Office Building Washington DC 20510,(202) 224-5054,"URL[""https://www.hydesmith.senate.gov/content/contact-senator""]","URL[""https://www.hydesmith.senate.gov/""]",Class II,"URL[""https://bioguideretro.congress.gov/Home/MemberDetails?memIndex=H001079""]",None
Inhofe (R-OK),Inhofe,James M.,Republican,Oklahoma,205 Russell Senate Office Building Washington DC 20510,(202) 224-4721,"URL[""https://www.inhofe.senate.gov/contact""]","URL[""http://www.inhofe.senate.gov/""]",Class II,"URL[""https://bioguideretro.congress.gov/Home/MemberDetails?memIndex=I000024""]",None
Johnson (R-WI),Johnson,Ron,Republican,Wisconsin,328 Hart Senate Office Building Washington DC 20510,(202) 224-5323,"URL[""https://www.ronjohnson.senate.gov/public/index.cfm/email-the-senator""]","URL[""http://www.ronjohnson.senate.gov/""]",Class III,"URL[""https://bioguideretro.congress.gov/Home/MemberDetails?memIndex=J000293""]",None
Jones (D-AL),Jones,Doug,Democrat,Alabama,330 Hart Senate Office Building Washington DC 20510,(202) 224-4124,"URL[""https://www.jones.senate.gov/content/contact-senator""]","URL[""https://www.jones.senate.gov""]",Class II,"URL[""https://bioguideretro.congress.gov/Home/MemberDetails?memIndex=J000300""]",None
Kaine (D-VA),Kaine,Tim,Democrat,Virginia,231 Russell Senate Office Building Washington DC 20510,(202) 224-4024,"URL[""https://www.kaine.senate.gov/contact""]","URL[""http://www.kaine.senate.gov/""]",Class I,"URL[""https://bioguideretro.congress.gov/Home/MemberDetails?memIndex=K000384""]",None
Kennedy (R-LA),Kennedy,John,Republican,Louisiana,416 Russell Senate Office Building Washington DC 20510,(202) 224-4623,"URL[""https://www.kennedy.senate.gov/public/email-me""]","URL[""http://www.kennedy.senate.gov""]",Class III,"URL[""https://bioguideretro.congress.gov/Home/MemberDetails?memIndex=K000393""]",None
King (I-ME),King,"Angus S., Jr.",Independent,Maine,133 Hart Senate Office Building Washington DC 20510,(202) 224-5344,"URL[""https://www.king.senate.gov/contact""]","URL[""http://www.king.senate.gov/""]",Class I,"URL[""https://bioguideretro.congress.gov/Home/MemberDetails?memIndex=K000383""]",None
Klobuchar (D-MN),Klobuchar,Amy,Democrat,Minnesota,425 Dirksen Senate Office Building Washington DC 20510,(202) 224-3244,"URL[""http://www.klobuchar.senate.gov/public/index.cfm/contact""]","URL[""http://www.klobuchar.senate.gov/""]",Class I,"URL[""https://bioguideretro.congress.gov/Home/MemberDetails?memIndex=K000367""]",None
Lankford (R-OK),Lankford,James,Republican,Oklahoma,316 Hart Senate Office Building Washington DC 20510,(202) 224-5754,"URL[""http://www.lankford.senate.gov/contact/email""]","URL[""http://www.lankford.senate.gov""]",Class III,"URL[""https://bioguideretro.congress.gov/Home/MemberDetails?memIndex=L000575""]",None
Leahy (D-VT),Leahy,Patrick J.,Democrat,Vermont,437 Russell Senate Office Building Washington DC 20510,(202) 224-4242,"URL[""https://www.leahy.senate.gov/contact/""]","URL[""http://www.leahy.senate.gov/""]",Class III,"URL[""https://bioguideretro.congress.gov/Home/MemberDetails?memIndex=L000174""]",None
Lee (R-UT),Lee,Mike,Republican,Utah,361A Russell Senate Office Building Washington DC 20510,(202) 224-5444,"URL[""https://www.lee.senate.gov/public/index.cfm/contact""]","URL[""http://www.lee.senate.gov/""]",Class III,"URL[""https://bioguideretro.congress.gov/Home/MemberDetails?memIndex=L000577""]",None
Loeffler (R-GA),Loeffler,Kelly,Republican,Georgia,B85 Russell Senate Office Building Washington DC 20510,(202) 224-3643,"URL[""https://www.loeffler.senate.gov""]","URL[""https://www.loeffler.senate.gov""]",Class III,"URL[""https://bioguideretro.congress.gov/Home/MemberDetails?memIndex=L000594""]",None
Manchin (D-WV),Manchin,"Joe, III",Democrat,West Virginia,306 Hart Senate Office Building Washington DC 20510,(202) 224-3954,"URL[""http://www.manchin.senate.gov/public/index.cfm/contact-form""]","URL[""http://www.manchin.senate.gov/""]",Class I,"URL[""https://bioguideretro.congress.gov/Home/MemberDetails?memIndex=M001183""]",None
Markey (D-MA),Markey,Edward J.,Democrat,Massachusetts,255 Dirksen Senate Office Building Washington DC 20510,(202) 224-2742,"URL[""https://www.markey.senate.gov/contact""]","URL[""http://www.markey.senate.gov/""]",Class II,"URL[""https://bioguideretro.congress.gov/Home/MemberDetails?memIndex=M000133""]",None
McConnell (R-KY),McConnell,Mitch,Republican,Kentucky,317 Russell Senate Office Building Washington DC 20510,(202) 224-2541,"URL[""http://www.mcconnell.senate.gov/public/index.cfm?p=contact""]","URL[""http://www.mcconnell.senate.gov/""]",Class II,"URL[""https://bioguideretro.congress.gov/Home/MemberDetails?memIndex=M000355""]",Majority Leader
McSally (R-AZ),McSally,Martha,Republican,Arizona,404 Russell Senate Office Building Washington DC 20510,202-224-2235,"URL[""https://www.mcsally.senate.gov/contact_martha""]","URL[""https://www.mcsally.senate.gov""]",Class III,"URL[""https://bioguideretro.congress.gov/Home/MemberDetails?memIndex=M001197""]",None
Menendez (D-NJ),Menendez,Robert,Democrat,New Jersey,528 Hart Senate Office Building Washington DC 20510,(202) 224-4744,"URL[""https://www.menendez.senate.gov/contact""]","URL[""http://www.menendez.senate.gov/""]",Class I,"URL[""https://bioguideretro.congress.gov/Home/MemberDetails?memIndex=M000639""]",None
Merkley (D-OR),Merkley,Jeff,Democrat,Oregon,313 Hart Senate Office Building Washington DC 20510,(202) 224-3753,"URL[""http://www.merkley.senate.gov/contact/""]","URL[""http://www.merkley.senate.gov""]",Class II,"URL[""https://bioguideretro.congress.gov/Home/MemberDetails?memIndex=M001176""]",None
Moran (R-KS),Moran,Jerry,Republican,Kansas,521 Dirksen Senate Office Building Washington DC 20510,(202) 224-6521,"URL[""https://www.moran.senate.gov/public/index.cfm/e-mail-jerry""]","URL[""http://www.moran.senate.gov""]",Class III,"URL[""https://bioguideretro.congress.gov/Home/MemberDetails?memIndex=M000934""]",None
Murkowski (R-AK),Murkowski,Lisa,Republican,Alaska,522 Hart Senate Office Building Washington DC 20510,(202) 224-6665,"URL[""https://www.murkowski.senate.gov/public/index.cfm/contact""]","URL[""http://www.murkowski.senate.gov/""]",Class III,"URL[""https://bioguideretro.congress.gov/Home/MemberDetails?memIndex=M001153""]",None
Murphy (D-CT),Murphy,Christopher,Democrat,Connecticut,136 Hart Senate Office Building Washington DC 20510,(202) 224-4041,"URL[""http://www.murphy.senate.gov/contact""]","URL[""http://www.murphy.senate.gov/""]",Class I,"URL[""https://bioguideretro.congress.gov/Home/MemberDetails?memIndex=M001169""]",None
Murray (D-WA),Murray,Patty,Democrat,Washington,154 Russell Senate Office Building Washington DC 20510,(202) 224-2621,"URL[""http://www.murray.senate.gov/public/index.cfm/contactme""]","URL[""http://www.murray.senate.gov/""]",Class III,"URL[""https://bioguideretro.congress.gov/Home/MemberDetails?memIndex=M001111""]",Assistant Democratic Leader
Paul (R-KY),Paul,Rand,Republican,Kentucky,167 Russell Senate Office Building Washington DC 20510,(202) 224-4343,"URL[""https://www.paul.senate.gov/connect/email-rand""]","URL[""http://www.paul.senate.gov""]",Class III,"URL[""https://bioguideretro.congress.gov/Home/MemberDetails?memIndex=P000603""]",None
Perdue (R-GA),Perdue,David,Republican,Georgia,455 Russell Senate Office Building Washington DC 20510,(202) 224-3521,"URL[""https://www.perdue.senate.gov/connect/email""]","URL[""http://www.perdue.senate.gov""]",Class II,"URL[""https://bioguideretro.congress.gov/Home/MemberDetails?memIndex=P000612""]",None
Peters (D-MI),Peters,Gary C.,Democrat,Michigan,724 Hart Senate Office Building Washington DC 20510,(202) 224-6221,"URL[""https://www.peters.senate.gov/contact/email-gary""]","URL[""http://www.peters.senate.gov""]",Class II,"URL[""https://bioguideretro.congress.gov/Home/MemberDetails?memIndex=P000595""]",None
Portman (R-OH),Portman,Rob,Republican,Ohio,448 Russell Senate Office Building Washington DC 20510,(202) 224-3353,"URL[""https://www.portman.senate.gov/public/index.cfm/contact?p=contact-form""]","URL[""http://www.portman.senate.gov""]",Class III,"URL[""https://bioguideretro.congress.gov/Home/MemberDetails?memIndex=P000449""]",None
Reed (D-RI),Reed,Jack,Democrat,Rhode Island,728 Hart Senate Office Building Washington DC 20510,(202) 224-4642,"URL[""https://www.reed.senate.gov/contact/""]","URL[""http://www.reed.senate.gov/""]",Class II,"URL[""https://bioguideretro.congress.gov/Home/MemberDetails?memIndex=R000122""]",None
Risch (R-ID),Risch,James E.,Republican,Idaho,483 Russell Senate Office Building Washington DC 20510,(202) 224-2752,"URL[""http://www.risch.senate.gov/public/index.cfm?p=Email""]","URL[""http://www.risch.senate.gov""]",Class II,"URL[""https://bioguideretro.congress.gov/Home/MemberDetails?memIndex=R000584""]",None
Roberts (R-KS),Roberts,Pat,Republican,Kansas,109 Hart Senate Office Building Washington DC 20510,(202) 224-4774,"URL[""https://www.roberts.senate.gov/public/?p=EmailPat""]","URL[""http://www.roberts.senate.gov/""]",Class II,"URL[""https://bioguideretro.congress.gov/Home/MemberDetails?memIndex=R000307""]",None
Romney (R-UT),Romney,Mitt,Republican,Utah,124 Russell Senate Office Building Washington DC 20510,(202) 224-5251,"URL[""https://www.romney.senate.gov/contact-senator-romney""]","URL[""https://www.romney.senate.gov""]",Class I,"URL[""https://bioguideretro.congress.gov/Home/MemberDetails?memIndex=R000615""]",None
Rosen (D-NV),Rosen,Jacky,Democrat,Nevada,144 Russell Senate Office Building Washington DC 20510,(202) 224-6244,"URL[""https://www.rosen.senate.gov/contact_jacky""]","URL[""https://www.rosen.senate.gov""]",Class I,"URL[""https://bioguideretro.congress.gov/Home/MemberDetails?memIndex=R000608""]",None
Rounds (R-SD),Rounds,Mike,Republican,South Dakota,502 Hart Senate Office Building Washington DC 20510,(202) 224-5842,"URL[""https://www.rounds.senate.gov/contact/email-mike""]","URL[""http://www.rounds.senate.gov""]",Class II,"URL[""https://bioguideretro.congress.gov/Home/MemberDetails?memIndex=R000605""]",None
Rubio (R-FL),Rubio,Marco,Republican,Florida,284 Russell Senate Office Building Washington DC 20510,(202) 224-3041,"URL[""http://www.rubio.senate.gov/public/index.cfm/contact""]","URL[""http://www.rubio.senate.gov""]",Class III,"URL[""https://bioguideretro.congress.gov/Home/MemberDetails?memIndex=R000595""]",None
Sanders (I-VT),Sanders,Bernard,Independent,Vermont,332 Dirksen Senate Office Building Washington DC 20510,(202) 224-5141,"URL[""http://www.sanders.senate.gov/contact/""]","URL[""http://www.sanders.senate.gov/""]",Class I,"URL[""https://bioguideretro.congress.gov/Home/MemberDetails?memIndex=S000033""]",None
Sasse (R-NE),Sasse,Ben,Republican,Nebraska,107 Russell Senate Office Building Washington DC 20510,(202) 224-4224,"URL[""http://www.sasse.senate.gov/public/index.cfm/email-ben""]","URL[""http://www.sasse.senate.gov""]",Class II,"URL[""https://bioguideretro.congress.gov/Home/MemberDetails?memIndex=S001197""]",None
Schatz (D-HI),Schatz,Brian,Democrat,Hawaii,722 Hart Senate Office Building Washington DC 20510,(202) 224-3934,"URL[""https://www.schatz.senate.gov/contact""]","URL[""http://www.schatz.senate.gov""]",Class III,"URL[""https://bioguideretro.congress.gov/Home/MemberDetails?memIndex=S001194""]",None
Schumer (D-NY),Schumer,Charles E.,Democrat,New York,322 Hart Senate Office Building Washington DC 20510,(202) 224-6542,"URL[""https://www.schumer.senate.gov/contact/email-chuck""]","URL[""http://www.schumer.senate.gov/""]",Class III,"URL[""https://bioguideretro.congress.gov/Home/MemberDetails?memIndex=S000148""]",Democratic Leader
Scott (R-FL),Scott,Rick,Republican,Florida,716 Hart Senate Office Building Washington DC 20510,(202) 224-5274,"URL[""https://www.rickscott.senate.gov/contact_rick""]","URL[""http://www.rickscott.senate.gov/""]",Class I,"URL[""https://bioguideretro.congress.gov/Home/MemberDetails?memIndex=S001217""]",None
Scott (R-SC),Scott,Tim,Republican,South Carolina,104 Hart Senate Office Building Washington DC 20510,(202) 224-6121,"URL[""https://www.scott.senate.gov/contact/email-me""]","URL[""http://www.scott.senate.gov/""]",Class III,"URL[""https://bioguideretro.congress.gov/Home/MemberDetails?memIndex=S001184""]",None
Shaheen (D-NH),Shaheen,Jeanne,Democrat,New Hampshire,506 Hart Senate Office Building Washington DC 20510,(202) 224-2841,"URL[""https://www.shaheen.senate.gov/contact/contact-jeanne""]","URL[""http://www.shaheen.senate.gov""]",Class II,"URL[""https://bioguideretro.congress.gov/Home/MemberDetails?memIndex=S001181""]",None
Shelby (R-AL),Shelby,Richard C.,Republican,Alabama,304 Russell Senate Office Building Washington DC 20510,(202) 224-5744,"URL[""https://www.shelby.senate.gov/public/index.cfm/emailsenatorshelby""]","URL[""http://www.shelby.senate.gov/""]",Class III,"URL[""https://bioguideretro.congress.gov/Home/MemberDetails?memIndex=S000320""]",None
Sinema (D-AZ),Sinema,Kyrsten,Democrat,Arizona,317 Hart Senate Office Building Washington DC 20510,(202) 224-4521,"URL[""https://www.sinema.senate.gov/contact-kyrsten""]","URL[""https://www.sinema.senate.gov""]",Class I,"URL[""https://bioguideretro.congress.gov/Home/MemberDetails?memIndex=S001191""]",None
Smith (D-MN),Smith,Tina,Democrat,Minnesota,720 Hart Senate Office Building Washington DC 20510,(202) 224-5641,"URL[""https://www.smith.senate.gov/contact-tina""]","URL[""https://www.smith.senate.gov""]",Class II,"URL[""https://bioguideretro.congress.gov/Home/MemberDetails?memIndex=S001203""]",None
Stabenow (D-MI),Stabenow,Debbie,Democrat,Michigan,731 Hart Senate Office Building Washington DC 20510,(202) 224-4822,"URL[""https://www.stabenow.senate.gov/contact""]","URL[""http://www.stabenow.senate.gov/""]",Class I,"URL[""https://bioguideretro.congress.gov/Home/MemberDetails?memIndex=S000770""]",None
Sullivan (R-AK),Sullivan,Dan,Republican,Alaska,302 Hart Senate Office Building Washington DC 20510,(202) 224-3004,"URL[""https://www.sullivan.senate.gov/contact/email""]","URL[""http://www.sullivan.senate.gov""]",Class II,"URL[""https://bioguideretro.congress.gov/Home/MemberDetails?memIndex=S001198""]",None
Tester (D-MT),Tester,Jon,Democrat,Montana,311 Hart Senate Office Building Washington DC 20510,(202) 224-2644,"URL[""https://www.tester.senate.gov/?p=email_senator""]","URL[""http://www.tester.senate.gov/""]",Class I,"URL[""https://bioguideretro.congress.gov/Home/MemberDetails?memIndex=T000464""]",None
Thune (R-SD),Thune,John,Republican,South Dakota,511 Dirksen Senate Office Building Washington DC 20510,(202) 224-2321,"URL[""http://www.thune.senate.gov/public/index.cfm/contact""]","URL[""http://www.thune.senate.gov/""]",Class III,"URL[""https://bioguideretro.congress.gov/Home/MemberDetails?memIndex=T000250""]",Assistant Majority Leader
Tillis (R-NC),Tillis,Thom,Republican,North Carolina,113 Dirksen Senate Office Building Washington DC 20510,(202) 224-6342,"URL[""https://www.tillis.senate.gov/public/index.cfm/email-me""]","URL[""http://www.tillis.senate.gov""]",Class II,"URL[""https://bioguideretro.congress.gov/Home/MemberDetails?memIndex=T000476""]",None
Toomey (R-PA),Toomey,Patrick J.,Republican,Pennsylvania,248 Russell Senate Office Building Washington DC 20510,(202) 224-4254,"URL[""https://www.toomey.senate.gov/?p=contact""]","URL[""http://www.toomey.senate.gov/""]",Class III,"URL[""https://bioguideretro.congress.gov/Home/MemberDetails?memIndex=T000461""]",None
Udall (D-NM),Udall,Tom,Democrat,New Mexico,531 Hart Senate Office Building Washington DC 20510,(202) 224-6621,"URL[""https://www.tomudall.senate.gov/?p=contact""]","URL[""http://www.tomudall.senate.gov""]",Class II,"URL[""https://bioguideretro.congress.gov/Home/MemberDetails?memIndex=U000039""]",None
Van Hollen (D-MD),Van Hollen,Chris,Democrat,Maryland,110 Hart Senate Office Building Washington DC 20510,(202) 224-4654,"URL[""http://www.vanhollen.senate.gov/contact/email""]","URL[""http://www.vanhollen.senate.gov""]",Class III,"URL[""https://bioguideretro.congress.gov/Home/MemberDetails?memIndex=V000128""]",None
Warner (D-VA),Warner,Mark R.,Democrat,Virginia,703 Hart Senate Office Building Washington DC 20510,(202) 224-2023,"URL[""http://www.warner.senate.gov/public/index.cfm?p=Contact""]","URL[""http://www.warner.senate.gov""]",Class II,"URL[""https://bioguideretro.congress.gov/Home/MemberDetails?memIndex=W000805""]",None
Warren (D-MA),Warren,Elizabeth,Democrat,Massachusetts,309 Hart Senate Office Building Washington DC 20510,(202) 224-4543,"URL[""https://www.warren.senate.gov/?p=email_senator""]","URL[""http://www.warren.senate.gov""]",Class I,"URL[""https://bioguideretro.congress.gov/Home/MemberDetails?memIndex=W000817""]",None
Whitehouse (D-RI),Whitehouse,Sheldon,Democrat,Rhode Island,530 Hart Senate Office Building Washington DC 20510,(202) 224-2921,"URL[""https://www.whitehouse.senate.gov/contact/email-sheldon""]","URL[""http://www.whitehouse.senate.gov/""]",Class I,"URL[""https://bioguideretro.congress.gov/Home/MemberDetails?memIndex=W000802""]",None
Wicker (R-MS),Wicker,Roger F.,Republican,Mississippi,555 Dirksen Senate Office Building Washington DC 20510,(202) 224-6253,"URL[""https://www.wicker.senate.gov/public/index.cfm/contact""]","URL[""http://www.wicker.senate.gov""]",Class I,"URL[""https://bioguideretro.congress.gov/Home/MemberDetails?memIndex=W000437""]",None
Wyden (D-OR),Wyden,Ron,Democrat,Oregon,221 Dirksen Senate Office Building Washington DC 20510,(202) 224-5244,"URL[""https://www.wyden.senate.gov/contact/""]","URL[""http://www.wyden.senate.gov/""]",Class III,"URL[""https://bioguideretro.congress.gov/Home/MemberDetails?memIndex=W000779""]",None
Young (R-IN),Young,Todd,Republican,Indiana,185 Dirksen Senate Office Building Washington DC 20510,(202) 224-5623,"URL[""https://www.young.senate.gov/contact""]","URL[""http://www.young.senate.gov""]",Class III,"URL[""https://bioguideretro.congress.gov/Home/MemberDetails?memIndex=Y000064""]",None